<?xml version="1.0" encoding="UTF-8"?>
<project-private xmlns="http://www.netbeans.org/ns/project-private/1">
    <editor-bookmarks xmlns="http://www.netbeans.org/ns/editor-bookmarks/2" lastBookmarkId="0"/>
    <open-files xmlns="http://www.netbeans.org/ns/projectui-open-files/2">
        <group>
            <file>file:/F:/Project/Railway_Reservation/src/railway_reservation/Print_Ticket.java</file>
            <file>file:/F:/Project/Railway_Reservation/src/railway_reservation/tab1.java</file>
            <file>file:/F:/Project/Railway_Reservation/src/railway_reservation/Book_Ticket.java</file>
            <file>file:/F:/Project/Railway_Reservation/src/railway_reservation/Rsignup.java</file>
            <file>file:/F:/Project/Railway_Reservation/src/railway_reservation/Railway_Reservation.java</file>
            <file>file:/F:/Project/Railway_Reservation/src/railway_reservation/Adm.java</file>
            <file>file:/F:/Project/Railway_Reservation/src/railway_reservation/Login.java</file>
            <file>file:/F:/Project/Railway_Reservation/src/railway_reservation/Book1.java</file>
            <file>file:/F:/Project/Railway_Reservation/src/railway_reservation/View_Ticket.java</file>
        </group>
    </open-files>
</project-private>
